Workbook

Sheet Контент-план
A1: Дата | B1: День | C1: Рубрика | D1: Тема / Идея | E1: Формат | F1: Хук (0–3 сек) | G1: Статус | H1: Опубликовано | I1: Заметки
A2: 46181 | B2: =TEXT(A2,"dddd") | C2: Тренировки | D2: 3 ошибки в планке | E2: Reels | F2: Ты делаешь планку НЕПРАВИЛЬНО | G2: Готово
A3: 46183 | B3: =TEXT(A3,"dddd") | C3: Питание | D3: Что я ем за день | E3: Reels | F3: Дневной рацион на дефиците | G3: В работе
A4: 46185 | B4: =TEXT(A4,"dddd") | C4: Мотивация | D4: Почему ты бросаешь через неделю | E4: Reels | F4: Главная причина, почему ты сдаёшься | G4: Идея
A5: 46186 | B5: =TEXT(A5,"dddd") | C5: Lifestyle | D5: Утро продуктивного человека | E5: Stories | G5: Идея
A6: 46188 | B6: =TEXT(A6,"dddd") | C6: Тренировки | D6: Пресс за 10 минут дома | E6: Reels | F6: Кубики без зала и оборудования | G6: Идея
A7: 46190 | B7: =TEXT(A7,"dddd") | C7: Тренд | D7: Трендовый переход + тренировка | E7: Reels | F7: [подставить актуальный звук] | G7: Идея
A8: 46192 | B8: =TEXT(A8,"dddd") | C8: Питание | D8: Полезный перекус за 2 минуты | E8: Reels | F8: Перекус, который не испортит фигуру | G8: Идея
A9: 46194 | B9: =TEXT(A9,"dddd") | C9: Мотивация | D9: Мой путь: до / после | E9: Пост | G9: Идея
A10: 46195 | B10: =TEXT(A10,"dddd") | C10: Тренировки | D10: Ягодицы: топ-3 упражнения | E10: Reels | F10: Округлые ягодицы дома | G10: Идея
A11: 46197 | B11: =TEXT(A11,"dddd") | C11: Lifestyle | D11: Что в моей спортивной сумке | E11: Reels | F11: Must-have для зала | G11: Идея
A12: 46199 | B12: =TEXT(A12,"dddd") | C12: Питание | D12: Миф об углеводах | E12: Reels | F12: Углеводы НЕ враг фигуры | G12: Идея
A13: 46200 | B13: =TEXT(A13,"dddd") | C13: Тренд | D13: Челлендж недели | E13: Reels | G13: Идея
A14: 46202 | B14: =TEXT(A14,"dddd") | C14: Тренировки | D14: Растяжка для новичков | E14: Reels | F14: Сесть на шпагат с нуля | G14: Идея
A15: 46204 | B15: =TEXT(A15,"dddd") | C15: Мотивация | D15: Как найти время на спорт | E15: Reels | F15: Спорт при загруженном графике | G15: Идея
A16: 46206 | B16: =TEXT(A16,"dddd") | C16: Питание | D16: Готовлю на неделю (meal prep) | E16: Reels | F16: Заготовки на 5 дней за 1 час | G16: Идея
A17: 46207 | B17: =TEXT(A17,"dddd") | C17: Lifestyle | D17: Вечерний ритуал восстановления | E17: Stories | G17: Идея

Sheet Сводка
A1: 📊 Сводка по контент-плану
A3: Всего публикаций | B3: =COUNTA('Контент-план'!D2:D100)
A4: Готовность | B4: =IFERROR((B14+B15)/B3,0)
A6: По формату
A7: Reels | B7: =COUNTIF('Контент-план'!E2:E100,"Reels")
A8: Пост | B8: =COUNTIF('Контент-план'!E2:E100,"Пост")
A9: Stories | B9: =COUNTIF('Контент-план'!E2:E100,"Stories")
A11: По статусу
A12: Идея | B12: =COUNTIF('Контент-план'!G2:G100,"Идея")
A13: В работе | B13: =COUNTIF('Контент-план'!G2:G100,"В работе")
A14: Готово | B14: =COUNTIF('Контент-план'!G2:G100,"Готово")
A15: Опубликовано | B15: =COUNTIF('Контент-план'!G2:G100,"Опубликовано")
A17: По рубрике
A18: Тренировки | B18: =COUNTIF('Контент-план'!C2:C100,"Тренировки")
A19: Питание | B19: =COUNTIF('Контент-план'!C2:C100,"Питание")
A20: Мотивация | B20: =COUNTIF('Контент-план'!C2:C100,"Мотивация")
A21: Lifestyle | B21: =COUNTIF('Контент-план'!C2:C100,"Lifestyle")
A22: Тренд | B22: =COUNTIF('Контент-план'!C2:C100,"Тренд")
